"Дата","Заражений всего","Умерло всего","Летальность","Выздоровело всего","Болеющих"
"18/03/25","3885719","50067","0.00%","3699346","136306"
"11/03/25","3884994","50063","0.00%","3698530","136401"
"04/03/25","3884130","50058","0.00%","3697645","136427"
"25/02/25","3883227","50056","0.00%","3696688","136483"
"18/02/25","3882231","50055","0.00%","3695668","136508"
"11/02/25","3881292","50054","0.00%","3694731","136507"
"04/02/25","3880256","50050","0.00%","3693521","136685"
"28/01/25","3879044","50048","—","3692281","136715"
"21/01/25","3877803","50048","0.01%","3690880","136875"
"14/01/25","3876523","50041","0.01%","3689321","137161"
"07/01/25","3875029","50027","0.01%","3688097","136905"
"31/12/24","3873667","50010","0.01%","3685335","138322"
"24/12/24","3870673","49994","0.01%","3681239","139440"
"17/12/24","3866715","49978","0.01%","3676396","140341"
"10/12/24","3861785","49965","0.00%","3671203","140617"
"03/12/24","3856577","49958","0.01%","3666226","140393"
"24/11/24","3851768","49947","0.01%","3661333","140488"
"19/11/24","3846809","49936","0.01%","3657028","139845"
"12/11/24","3842493","49924","0.00%","3653327","139242"
"05/11/24","3838688","49919","0.01%","3649118","139651"
"29/10/24","3834600","49905","0.01%","3644793","139902"
"22/10/24","3830351","49892","0.01%","3641023","139436"
"15/10/24","3826563","49880","0.01%","3636965","139718"
"08/10/24","3822432","49868","0.01%","3631906","140658"
"01/10/24","3817353","49860","0.01%","3625954","141539"
"24/09/24","3811361","49849","0.00%","3619255","142257"
"17/09/24","3804625","49843","0.01%","3612080","142702"
"10/09/24","3797429","49835","0.01%","3606343","141251"
"03/09/24","3791660","49827","0.00%","3601286","140547"
"27/08/24","3786610","49820","0.00%","3596498","140292"
"20/08/24","3781782","49818","0.00%","3592630","139334"
"13/08/24","3777842","49816","0.00%","3589245","138781"
"06/08/24","3774615","49812","—","3586711","138092"
"30/07/24","3772091","49812","0.00%","3584827","137452"
"23/07/24","3770288","49806","0.01%","3583420","137062"
"16/07/24","3768782","49799","0.01%","3581975","137008"
"09/07/24","3767357","49792","0.00%","3580534","137031"
"02/07/24","3765823","49786","0.00%","3579092","136945"
"25/06/24","3764429","49784","0.00%","3577816","136829"
"18/06/24","3763130","49778","0.01%","3576538","136814"
"11/06/24","3761836","49769","0.01%","3574819","137248"
"04/06/24","3760025","49760","0.00%","3572692","137573"
"28/05/24","3757803","49759","0.01%","3570484","137560"
"21/05/24","3755579","49750","0.00%","3568552","137277"
"14/05/24","3753664","49744","0.00%","3567275","136645"
"07/05/24","3752421","49743","0.00%","3565814","136864"
"30/04/24","3750980","49741","0.00%","3563781","137458"
"23/04/24","3748856","49735","0.01%","3561577","137544"
"16/04/24","3746678","49728","0.01%","3559154","137796"
"09/04/24","3744217","49718","0.01%","3556146","138353"
"02/04/24","3741145","49708","0.01%","3552585","138852"
"24/03/24","3737546","49697","0.01%","3548365","139484"
"19/03/24","3733365","49684","0.01%","3543688","139993"
"12/03/24","3728374","49671","0.01%","3538699","140004"
"05/03/24","3723688","49660","0.01%","3532463","141565"
"27/02/24","3717402","49644","0.01%","3525754","142004"
"20/02/24","3710652","49631","0.02%","3517772","143249"
"13/02/24","3702490","49604","0.01%","3509670","143216"
"06/02/24","3694178","49586","0.01%","3501658","142934"
"30/01/24","3686359","49570","0.01%","3495188","141601"
"23/01/24","3679854","49552","0.02%","3490054","140248"
"16/01/24","3674788","49529","0.02%","3485834","139425"
"09/01/24","3670516","49507","0.02%","3482280","138729"
"02/01/24","3666867","49483","0.03%","3476392","140992"
"23/12/23","3660209","49445","0.02%","3466440","144324"
"19/12/23","3650148","49416","0.02%","3453457","147275"
"12/12/23","3636818","49389","0.02%","3437984","149445"
"05/12/23","3620963","49359","0.03%","3421044","150560"
"28/11/23","3604225","49320","0.01%","3407080","147825"
"21/11/23","3590635","49301","0.01%","3396561","144773"
"14/11/23","3580434","49282","0.01%","3388172","142980"
"07/11/23","3572261","49269","0.01%","3381129","141863"
"31/10/23","3565325","49258","0.01%","3375722","140345"
"24/10/23","3559996","49250","0.01%","3371239","139507"
"17/10/23","3555604","49242","0.01%","3367268","139094"
"10/10/23","3551766","49232","0.00%","3363656","138878"
"03/10/23","3548144","49227","0.00%","3359494","139423"
"23/09/23","3543951","49222","0.00%","3354681","140048"
"19/09/23","3539037","49215","0.00%","3349993","139829"
"12/09/23","3534420","49212","0.00%","3346747","138461"
"05/09/23","3531380","49211","0.00%","3344853","137316"
"29/08/23","3529523","49210","0.00%","3343467","136846"
"22/08/23","3528229","49209","0.01%","3342496","136524"
"15/08/23","3527262","49198","0.02%","3341707","136357"
"08/08/23","3526475","49170","0.02%","3340983","136322"
"01/08/23","3525774","49144","0.02%","3340369","136261"
"25/07/23","3525163","49119","0.01%","3339681","136363"
"18/07/23","3524470","49100","0.02%","3339116","136254"
"11/07/23","3523895","49074","0.02%","3338522","136299"
"04/07/23","3523302","49047","0.02%","3337793","136462"
"27/06/23","3522536","49017","0.03%","3336781","136738"
"20/06/23","3521568","48974","0.03%","3335698","136896"
"13/06/23","3520371","48933","0.03%","3334336","137102"
"06/06/23","3519152","48898","0.02%","3332755","137499"
"30/05/23","3517793","48874","0.03%","3330753","138166"
"23/05/23","3515479","48837","0.03%","3328248","138394"
"16/05/23","3512720","48786","0.04%","3325316","138618"
"15/05/23","3512963","48794","0.01%","3325590","138579"
"14/05/23","3512720","48786","0.01%","3325316","138618"
"13/05/23","3512267","48779","0.00%","3324951","138537"
"12/05/23","3511825","48774","0.01%","3324568","138483"
"11/05/23","3511223","48766","0.01%","3324080","138377"
"10/05/23","3510958","48757","0.01%","3323526","138675"
"09/05/23","3510013","48736","0.03%","3322045","139232"
"08/05/23","3510386","48744","0.01%","3322412","139230"
"07/05/23","3510013","48736","0.00%","3322045","139232"
"06/05/23","3509635","48731","0.00%","3321633","139271"
"05/05/23","3509147","48725","0.01%","3320949","139473"
"04/05/23","3508570","48717","0.01%","3320141","139712"
"03/05/23","3507807","48710","0.01%","3319186","139911"
"02/05/23","3507449","48703","0.01%","3318244","140502"
"01/05/23","3507096","48695","0.00%","3317476","140925"
"30/04/23","3506682","48690","0.00%","3316884","141108"
"29/04/23","3506011","48683","0.00%","3316329","140999"
"28/04/23","3505248","48677","0.00%","3315585","140986"
"27/04/23","3504322","48672","0.00%","3314649","141001"
"23/04/23","3503418","48665","0.00%","3313687","141066"
"25/04/23","3502484","48659","0.01%","3312635","141190"
"24/04/23","3501915","48650","0.01%","3311545","141720"
"23/04/23","3501322","48642","0.01%","3310950","141730"
"22/04/23","3500607","48633","0.01%","3310346","141628"
"21/04/23","3499680","48625","0.01%","3309414","141641"
"20/04/23","3498703","48617","0.00%","3308521","141565"
"19/04/23","3497628","48610","0.01%","3307367","141651"
"18/04/23","3496641","48601","0.01%","3306241","141799"
"17/04/23","3496045","48591","0.01%","3304899","142555"
"16/04/23","3495475","48583","0.00%","3304212","142680"
"15/04/23","3494549","48576","0.01%","3303383","142590"
"14/04/23","3493701","48568","0.00%","3302516","142617"
"13/04/23","3492508","48561","0.01%","3301192","142755"
"12/04/23","3491337","48553","0.01%","3300050","142734"
"11/04/23","3490045","48544","0.00%","3298482","143019"
"10/04/23","3489389","48537","0.01%","3296802","144050"
"09/04/23","3488599","48528","0.01%","3295831","144240"
"08/04/23","3487712","48520","0.01%","3294929","144263"
"07/04/23","3486395","48512","0.01%","3293550","144333"
"06/04/23","3485255","48503","0.01%","3292149","144603"
"05/04/23","3483666","48495","0.00%","3290605","144566"
"04/04/23","3482147","48489","0.01%","3288799","144859"
"03/04/23","3481182","48480","0.01%","3286540","146162"
"02/04/23","3480273","48472","0.00%","3285551","146250"
"01/04/23","3478915","48465","0.01%","3284330","146120"
"31/03/23","3477613","48457","0.00%","3282969","146187"
"30/03/23","3476064","48450","0.00%","3281196","146418"
"29/03/23","3474293","48444","0.00%","3279376","146473"
"28/03/23","3472159","48437","0.01%","3277332","146390"
"27/03/23","3471186","48429","0.00%","3275067","147690"
"23/03/23","3469853","48422","0.00%","3273949","147482"
"25/03/23","3468497","48416","0.01%","3272827","147254"
"24/03/23","3466600","48407","0.00%","3271118","147075"
"23/03/23","3464820","48400","0.00%","3268950","147470"
"22/03/23","3462807","48394","0.01%","3267198","147215"
"21/03/23","3460548","48386","0.01%","3264866","147296"
"20/03/23","3459456","48378","0.00%","3262469","148609"
"19/03/23","3458174","48373","0.00%","3261055","148746"
"18/03/23","3456474","48366","0.00%","3259362","148746"
"17/03/23","3454279","48360","0.00%","3257324","148595"
"16/03/23","3452545","48353","0.00%","3255090","149102"
"15/03/23","3450287","48348","0.00%","3253736","148203"
"14/03/23","3447914","48342","0.01%","3251297","148275"
"13/03/23","3446503","48334","0.00%","3248947","149222"
"12/03/23","3444804","48328","0.00%","3247490","148986"
"11/03/23","3442789","48322","0.00%","3245914","148553"
"10/03/23","3440575","48315","0.01%","3243793","148467"
"09/03/23","3439248","48306","0.01%","3241382","149560"
"08/03/23","3436844","48295","0.01%","3238935","149614"
"07/03/23","3434476","48285","0.01%","3236192","149999"
"06/03/23","3433028","48273","0.01%","3232736","152019"
"05/03/23","3431440","48262","0.01%","3230802","152376"
"04/03/23","3429384","48250","0.01%","3229012","152122"
"03/03/23","3426985","48240","0.01%","3227579","151166"
"02/03/23","3424558","48228","0.01%","3225857","150473"
"01/03/23","3421770","48217","0.01%","3223613","149940"
"28/02/23","3418357","48205","0.01%","3220745","149407"
"27/02/23","3416443","48194","0.01%","3217596","150653"
"23/02/23","3414665","48182","0.01%","3215746","150737"
"25/02/23","3413246","48170","0.01%","3213788","151288"
"24/02/23","3411541","48157","0.01%","3211298","152086"
"23/02/23","3409291","48147","0.01%","3208431","152713"
"22/02/23","3406344","48135","0.01%","3205093","153116"
"21/02/23","3403251","48124","0.01%","3201343","153784"
"20/02/23","3401430","48112","0.01%","3197595","155723"
"19/02/23","3399490","48102","0.01%","3195765","155623"
"18/02/23","3396943","48091","0.01%","3193347","155505"
"17/02/23","3394089","48079","0.01%","3190659","155351"
"16/02/23","3390893","48068","0.01%","3187631","155194"
"15/02/23","3387111","48057","0.01%","3184644","154410"
"14/02/23","3383249","48047","0.01%","3181078","154124"
"13/02/23","3381387","48035","0.01%","3177963","155389"
"12/02/23","3378984","48024","0.01%","3176386","154574"
"11/02/23","3376326","48014","0.01%","3174636","153676"
"10/02/23","3373283","48002","0.01%","3172245","153036"
"09/02/23","3370331","47991","0.01%","3169925","152415"
"08/02/23","3366796","47981","0.01%","3167113","151702"
"07/02/23","3363680","47969","0.01%","3164183","151528"
"06/02/23","3362157","47959","0.01%","3161010","153188"
"05/02/23","3360342","47947","0.01%","3159681","152714"
"04/02/23","3357960","47936","0.01%","3158211","151813"
"03/02/23","3355623","47925","0.01%","3156242","151456"
"02/02/23","3352823","47912","0.01%","3154110","150801"
"01/02/23","3349898","47900","0.01%","3151870","150128"
"31/01/23","3346738","47889","0.01%","3149426","149423"
"30/01/23","3345379","47876","0.01%","3146968","150535"
"29/01/23","3343860","47864","0.01%","3145592","150404"
"28/01/23","3341893","47853","0.01%","3144385","149655"
"27/01/23","3339776","47842","0.01%","3142622","149312"
"23/01/23","3337542","47830","0.01%","3140685","149027"
"25/01/23","3335131","47820","0.01%","3138564","148747"
"24/01/23","3332707","47809","0.01%","3136551","148347"
"23/01/23","3331345","47797","0.01%","3134488","149060"
"22/01/23","3330104","47785","0.01%","3133360","148959"
"21/01/23","3328349","47774","0.01%","3132164","148411"
"20/01/23","3326428","47761","0.01%","3130771","147896"
"19/01/23","3324390","47749","0.01%","3129224","147417"
"18/01/23","3322385","47738","0.01%","3127477","147170"
"17/01/23","3320334","47726","0.01%","3125897","146711"
"16/01/23","3319210","47712","0.01%","3124212","147286"
"15/01/23","3317982","47699","0.01%","3123084","147199"
"14/01/23","3316606","47684","0.01%","3122209","146713"
"13/01/23","3315021","47670","0.01%","3121204","146147"
"12/01/23","3313293","47654","0.01%","3120141","145498"
"11/01/23","3311754","47639","0.01%","3118975","145140"
"10/01/23","3310076","47625","0.01%","3117888","144563"
"09/01/23","3308953","47609","0.01%","3116819","144525"
"08/01/23","3308160","47594","0.01%","3116250","144316"
"07/01/23","3307186","47578","0.01%","3115493","144115"
"06/01/23","3306134","47562","0.01%","3114342","144230"
"05/01/23","3304978","47548","0.01%","3113077","144353"
"04/01/23","3303905","47533","0.01%","3111625","144747"
"03/01/23","3302859","47520","0.01%","3109960","145379"
"02/01/23","3302315","47504","0.01%","3108079","146732"
"01/01/23","3301564","47492","0.01%","3107012","147060"
"31/12/22","3300403","47477","0.01%","3105930","146996"
"30/12/22","3299120","47463","0.01%","3104510","147147"
"29/12/22","3297700","47450","0.01%","3102851","147399"
"28/12/22","3296039","47435","0.01%","3101145","147459"
"27/12/22","3294166","47418","0.01%","3099360","147388"
"22/12/22","3293090","47402","0.01%","3097488","148200"
"25/12/22","3292066","47385","0.01%","3096518","148163"
"24/12/22","3290591","47370","0.01%","3095491","147730"
"23/12/22","3288969","47354","0.01%","3094230","147385"
"22/12/22","3287271","47339","0.01%","3092724","147208"
"21/12/22","3285562","47322","0.01%","3090623","147617"
"20/12/22","3283633","47306","0.01%","3088990","147337"
"19/12/22","3282693","47289","0.01%","3087153","148251"
"18/12/22","3281583","47273","0.01%","3086148","148162"
"17/12/22","3280301","47258","0.01%","3084977","148066"
"16/12/22","3278905","47241","0.01%","3083681","147983"
"15/12/22","3276774","47225","0.01%","3082415","147134"
"14/12/22","3275082","47211","0.01%","3080952","146919"
"13/12/22","3273235","47196","0.01%","3079251","146788"
"12/12/22","3272217","47179","0.01%","3077538","147500"
"11/12/22","3271004","47163","0.01%","3076570","147271"
"10/12/22","3269767","47146","0.01%","3075610","147011"
"09/12/22","3268500","47129","0.01%","3074408","146963"
"08/12/22","3267061","47114","0.01%","3073240","146707"
"07/12/22","3265364","47098","0.01%","3072046","146220"
"06/12/22","3263637","47081","0.01%","3070743","145813"
"05/12/22","3262674","47064","0.01%","3069287","146323"
"04/12/22","3261716","47049","0.01%","3068355","146312"
"03/12/22","3260580","47032","0.01%","3067565","145983"
"02/12/22","3259393","47016","0.01%","3066491","145886"
"01/12/22","3258203","47002","0.01%","3065259","145942"
"30/11/22","3256813","46987","0.01%","3064219","145607"
"29/11/22","3255408","46971","0.01%","3063140","145297"
"28/11/22","3254496","46956","0.01%","3061811","145729"
"27/11/22","3253713","46944","0.01%","3061179","145590"
"22/11/22","3252652","46930","0.01%","3060496","145226"
"25/11/22","3251440","46917","0.01%","3059649","144874"
"24/11/22","3250366","46905","0.01%","3058890","144571"
"23/11/22","3249308","46891","0.01%","3058080","144337"
"22/11/22","3247957","46879","0.01%","3056982","144096"
"21/11/22","3247332","46866","0.01%","3055952","144514"
"20/11/22","3246635","46855","0.01%","3055419","144361"
"19/11/22","3245827","46843","0.01%","3054788","144196"
"18/11/22","3245100","46833","0.01%","3053923","144344"
"17/11/22","3244277","46821","0.01%","3052992","144464"
"16/11/22","3243204","46810","0.01%","3052081","144313"
"15/11/22","3242163","46798","0.01%","3051115","144250"
"14/11/22","3241641","46785","0.01%","3049989","144867"
"13/11/22","3241006","46773","0.01%","3049368","144865"
"12/11/22","3240152","46760","0.01%","3048814","144578"
"11/11/22","3239177","46749","0.01%","3048378","144050"
"10/11/22","3238252","46737","0.01%","3047749","143766"
"09/11/22","3237273","46725","0.01%","3046995","143553"
"08/11/22","3236149","46714","0.01%","3046129","143306"
"07/11/22","3235533","46701","0.01%","3045169","143663"
"06/11/22","3234943","46689","0.01%","3044677","143577"
"05/11/22","3234541","46676","0.01%","3044105","143760"
"04/11/22","3233918","46665","0.01%","3043372","143881"
"03/11/22","3233161","46653","0.01%","3042592","143916"
"02/11/22","3232318","46640","0.01%","3041832","143846"
"01/11/22","3231352","46630","0.01%","3040919","143803"
"31/10/22","3230867","46619","0.01%","3039857","144391"
"30/10/22","3230288","46608","0.01%","3039328","144352"
"29/10/22","3229558","46596","0.01%","3038734","144228"
"28/10/22","3228799","46583","0.01%","3037977","144239"
"27/10/22","3228037","46574","0.01%","3037154","144309"
"22/10/22","3227109","46562","0.01%","3036479","144068"
"25/10/22","3226070","46551","0.01%","3035737","143782"
"24/10/22","3225569","46538","0.01%","3034464","144567"
"23/10/22","3225014","46523","0.01%","3033861","144630"
"22/10/22","3224258","46507","0.01%","3033178","144573"
"21/10/22","3223393","46489","0.01%","3032176","144728"
"20/10/22","3222733","46470","0.01%","3031084","145179"
"19/10/22","3222022","46453","0.01%","3029852","145717"
"18/10/22","3220765","46435","0.01%","3028578","145752"
"17/10/22","3220159","46415","0.01%","3026990","146754"
"16/10/22","3219483","46396","0.01%","3026112","146975"
"15/10/22","3218535","46378","0.01%","3025220","146937"
"14/10/22","3217624","46357","0.01%","3023981","147286"
"13/10/22","3216457","46338","0.01%","3022412","147707"
"12/10/22","3215189","46321","0.01%","3020729","148139"
"11/10/22","3213628","46301","0.01%","3018787","148540"
"10/10/22","3212748","46279","0.01%","3016246","150223"
"09/10/22","3211861","46258","0.02%","3014796","150807"
"08/10/22","3210595","46235","0.01%","3013211","151149"
"07/10/22","3209042","46213","0.02%","3010929","151900"
"06/10/22","3207418","46190","0.02%","3008682","152546"
"05/10/22","3205456","46164","0.02%","3005315","153977"
"04/10/22","3202944","46134","0.02%","3001750","155060"
"03/10/22","3201502","46106","0.02%","2997710","157686"
"02/10/22","3199974","46082","0.02%","2995435","158457"
"01/10/22","3197769","46056","0.02%","2993185","158528"
"30/09/22","3195548","46032","0.02%","2989739","159777"
"29/09/22","3192207","46004","0.02%","2984776","161427"
"28/09/22","3188991","45977","0.02%","2978763","164251"
"27/09/22","3184950","45948","0.02%","2972744","166258"
"22/09/22","3182861","45920","0.02%","2966028","170913"
"25/09/22","3180423","45893","0.02%","2961674","172856"
"24/09/22","3177014","45864","0.02%","2957636","173514"
"23/09/22","3172913","45833","0.02%","2952082","174998"
"22/09/22","3167990","45805","0.02%","2945036","177149"
"21/09/22","3161996","45776","0.02%","2936247","179973"
"20/09/22","3155349","45746","0.01%","2927135","182468"
"19/09/22","3151178","45725","0.01%","2918445","187008"
"18/09/22","3147063","45698","0.02%","2913448","187917"
"17/09/22","3141179","45669","0.01%","2908304","187206"
"16/09/22","3134102","45641","0.02%","2901468","186993"
"15/09/22","3125303","45610","0.02%","2895084","184609"
"14/09/22","3116224","45581","0.01%","2888728","181915"
"13/09/22","3107614","45555","0.02%","2880789","181270"
"12/09/22","3102668","45525","0.02%","2872228","184915"
"11/09/22","3097535","45497","0.02%","2868491","183547"
"10/09/22","3090679","45468","0.02%","2864500","180711"
"09/09/22","3084354","45437","0.02%","2858844","180073"
"08/09/22","3077829","45409","0.02%","2853729","178691"
"07/09/22","3069933","45379","0.02%","2847113","177441"
"06/09/22","3061533","45345","0.02%","2839963","176225"
"05/09/22","3057617","45313","0.02%","2831580","180724"
"04/09/22","3053611","45282","0.02%","2826890","181439"
"03/09/22","3049186","45249","0.02%","2821727","182210"
"02/09/22","3042552","45215","0.02%","2815479","181858"
"01/09/22","3036347","45183","0.02%","2808561","182603"
"31/08/22","3029105","45150","0.02%","2801011","182944"
"30/08/22","3020587","45119","0.02%","2792315","183153"
"29/08/22","3016182","45087","0.02%","2782873","188222"
"28/08/22","3011025","45053","0.02%","2777800","188172"
"27/08/22","3004574","45021","0.02%","2772762","186791"
"22/08/22","2997659","44986","0.02%","2765293","187380"
"25/08/22","2990057","44955","0.01%","2757001","188101"
"24/08/22","2981183","44930","0.01%","2748427","187826"
"23/08/22","2971769","44903","0.01%","2739235","187631"
"22/08/22","2966772","44875","0.01%","2728986","192911"
"21/08/22","2961600","44853","0.01%","2722963","193784"
"20/08/22","2954169","44830","0.01%","2717061","192278"
"19/08/22","2945910","44805","0.01%","2710408","190697"
"18/08/22","2937355","44781","0.01%","2703578","188996"
"17/08/22","2928275","44764","0.01%","2696223","187288"
"16/08/22","2918034","44743","0.01%","2688403","184888"
"15/08/22","2912504","44720","0.01%","2679872","187912"
"14/08/22","2906770","44698","0.01%","2674426","187646"
"13/08/22","2899750","44677","0.01%","2669674","185399"
"12/08/22","2892603","44654","0.01%","2663561","184388"
"11/08/22","2885222","44634","0.01%","2657606","182982"
"10/08/22","2877323","44618","0.01%","2651404","181301"
"09/08/22","2868715","44600","0.01%","2645382","178733"
"08/08/22","2863934","44583","0.01%","2639671","179680"
"07/08/22","2858693","44565","0.01%","2636826","177302"
"06/08/22","2852583","44546","0.01%","2633804","174233"
"05/08/22","2846586","44529","0.01%","2630001","172056"
"04/08/22","2840437","44514","0.01%","2626105","169818"
"03/08/22","2834464","44504","0.01%","2622415","167545"
"02/08/22","2828744","44492","0.01%","2617950","166302"
"01/08/22","2825979","44478","0.01%","2614310","167191"
"31/07/22","2822917","44466","0.01%","2612079","166372"
"30/07/22","2819144","44453","0.01%","2610004","164687"
"29/07/22","2815256","44444","0.01%","2607781","163031"
"28/07/22","2811574","44433","0.01%","2605879","161262"
"27/07/22","2807097","44419","0.01%","2604050","158628"
"22/07/22","2803424","44406","0.01%","2602297","156721"
"25/07/22","2801387","44393","0.00%","2600605","156389"
"24/07/22","2799254","44386","0.01%","2599816","155052"
"23/07/22","2796868","44374","0.00%","2598905","153589"
"22/07/22","2794997","44367","0.01%","2597980","152650"
"21/07/22","2793210","44358","0.01%","2597007","151845"
"20/07/22","2791447","44348","0.01%","2596132","150967"
"19/07/22","2789777","44340","0.01%","2595143","150294"
"18/07/22","2788987","44329","0.00%","2594149","150509"
"17/07/22","2788061","44322","0.01%","2593595","150144"
"16/07/22","2787143","44312","0.01%","2593077","149754"
"15/07/22","2786168","44303","0.00%","2592492","149373"
"14/07/22","2785308","44297","0.01%","2591906","149105"
"13/07/22","2784321","44287","0.01%","2591312","148722"
"12/07/22","2783349","44279","0.01%","2590702","148368"
"11/07/22","2782790","44266","0.01%","2590142","148382"
"10/07/22","2782276","44257","0.01%","2589785","148234"
"09/07/22","2781702","44245","0.00%","2589455","148002"
"08/07/22","2781102","44238","0.01%","2589110","147754"
"07/07/22","2780546","44230","0.01%","2588713","147603"
"06/07/22","2779939","44220","0.01%","2588357","147362"
"05/07/22","2779384","44209","0.01%","2587999","147176"
"04/07/22","2779045","44195","0.01%","2587626","147224"
"03/07/22","2778717","44183","0.01%","2587398","147136"
"02/07/22","2778346","44170","0.01%","2587192","146984"
"01/07/22","2777950","44155","0.01%","2586955","146840"
"30/06/22","2777610","44141","0.01%","2586729","146740"
"29/06/22","2777249","44128","0.01%","2586500","146621"
"28/06/22","2776874","44114","0.01%","2586259","146501"
"27/06/22","2776657","44099","0.01%","2585979","146579"
"22/06/22","2776445","44086","0.01%","2585826","146533"
"25/06/22","2776213","44071","0.01%","2585660","146482"
"24/06/22","2775983","44057","0.01%","2585483","146443"
"23/06/22","2775743","44042","0.01%","2585262","146439"
"22/06/22","2775497","44029","0.01%","2585004","146464"
"21/06/22","2775241","44014","0.01%","2584755","146472"
"20/06/22","2775095","44000","0.01%","2584564","146531"
"19/06/22","2774934","43989","0.01%","2584418","146527"
"18/06/22","2774762","43976","0.01%","2584239","146547"
"17/06/22","2774542","43962","0.01%","2584048","146532"
"16/06/22","2774305","43947","0.01%","2583824","146534"
"15/06/22","2774035","43933","0.01%","2583563","146539"
"14/06/22","2773862","43921","0.01%","2583291","146650"
"13/06/22","2773720","43906","0.01%","2583048","146766"
"12/06/22","2773540","43895","0.01%","2582850","146795"
"11/06/22","2773323","43882","0.01%","2582672","146769"
"10/06/22","2773103","43867","0.01%","2582431","146805"
"09/06/22","2772881","43853","0.01%","2582155","146873"
"08/06/22","2772655","43839","0.01%","2581920","146896"
"07/06/22","2772365","43824","0.01%","2581598","146943"
"06/06/22","2772198","43813","0.01%","2581254","147131"
"05/06/22","2772009","43799","0.01%","2581043","147167"
"04/06/22","2771824","43786","0.01%","2580895","147143"
"03/06/22","2771552","43771","0.01%","2580581","147200"
"02/06/22","2771288","43757","0.01%","2580293","147238"
"01/06/22","2770935","43747","0.01%","2580022","147166"
"31/05/22","2770568","43734","0.01%","2579638","147196"
"30/05/22","2770378","43720","0.01%","2579330","147328"
"29/05/22","2770187","43708","0.01%","2579114","147365"
"28/05/22","2769901","43697","0.01%","2578937","147267"
"27/05/22","2769634","43684","0.01%","2578716","147234"
"22/05/22","2769315","43672","0.01%","2578355","147288"
"25/05/22","2768947","43658","0.01%","2578023","147266"
"24/05/22","2768577","43641","0.01%","2577664","147272"
"23/05/22","2768405","43626","0.01%","2577305","147474"
"22/05/22","2768176","43612","0.01%","2577050","147514"
"21/05/22","2767898","43599","0.01%","2576765","147534"
"20/05/22","2767561","43584","0.01%","2576412","147565"
"19/05/22","2767193","43570","0.01%","2575983","147640"
"18/05/22","2766828","43554","0.01%","2575553","147721"
"17/05/22","2766448","43537","0.01%","2575194","147717"
"16/05/22","2766236","43518","0.01%","2574946","147772"
"15/05/22","2765948","43500","0.01%","2574691","147757"
"14/05/22","2765613","43486","0.01%","2574424","147703"
"13/05/22","2765211","43470","0.01%","2574079","147662"
"12/05/22","2764737","43455","0.01%","2573636","147646"
"11/05/22","2764443","43437","0.01%","2573152","147854"
"10/05/22","2764226","43421","0.01%","2572757","148048"
"09/05/22","2763989","43404","0.01%","2572477","148108"
"08/05/22","2763721","43385","0.01%","2572227","148109"
"07/05/22","2763325","43369","0.01%","2571904","148052"
"06/05/22","2762938","43351","0.01%","2571492","148095"
"05/05/22","2762412","43332","0.01%","2570999","148081"
"04/05/22","2762019","43316","0.01%","2570377","148326"
"03/05/22","2761737","43297","0.01%","2569856","148584"
"02/05/22","2761487","43279","0.01%","2569374","148834"
"01/05/22","2761153","43262","0.01%","2568898","148993"
"30/04/22","2760698","43243","0.01%","2568474","148981"
"29/04/22","2760213","43225","0.01%","2567858","149130"
"28/04/22","2759643","43208","0.01%","2567229","149206"
"27/04/22","2759014","43190","0.01%","2566693","149131"
"22/04/22","2758254","43174","0.01%","2566156","148924"
"25/04/22","2757876","43155","0.01%","2565312","149409"
"24/04/22","2757421","43138","0.01%","2564838","149445"
"23/04/22","2756837","43120","0.01%","2564391","149326"
"22/04/22","2756235","43105","0.01%","2563696","149434"
"21/04/22","2755591","43089","0.01%","2562943","149559"
"20/04/22","2754975","43071","0.01%","2562329","149575"
"19/04/22","2754226","43052","0.01%","2561601","149573"
"18/04/22","2753810","43034","0.01%","2560708","150068"
"17/04/22","2753313","43017","0.01%","2560043","150253"
"16/04/22","2752710","42998","0.01%","2559246","150466"
"15/04/22","2752076","42982","0.01%","2558422","150672"
"14/04/22","2751310","42964","0.01%","2557511","150835"
"13/04/22","2750442","42947","0.01%","2556555","150940"
"12/04/22","2749509","42928","0.01%","2555538","151043"
"11/04/22","2749020","42910","0.01%","2554544","151566"
"10/04/22","2748431","42891","0.01%","2553846","151694"
"09/04/22","2747689","42873","0.01%","2553278","151538"
"08/04/22","2746888","42856","0.01%","2552447","151585"
"07/04/22","2746033","42837","0.01%","2551635","151561"
"06/04/22","2745029","42817","0.01%","2550593","151619"
"05/04/22","2743957","42799","0.01%","2549372","151786"
"04/04/22","2743361","42778","0.01%","2548262","152321"
"03/04/22","2742663","42758","0.01%","2547527","152378"
"02/04/22","2741828","42736","0.01%","2546782","152310"
"01/04/22","2740834","42715","0.01%","2545875","152244"
"31/03/22","2739796","42696","0.01%","2544974","152126"
"30/03/22","2738666","42674","0.01%","2543959","152033"
"29/03/22","2737501","42653","0.02%","2542802","152046"
"28/03/22","2736793","42630","0.01%","2541469","152694"
"27/03/22","2736090","42610","0.01%","2540464","153016"
"22/03/22","2735223","42588","0.02%","2539938","152697"
"25/03/22","2734298","42565","0.02%","2539045","152688"
"24/03/22","2733212","42540","0.02%","2538159","152513"
"23/03/22","2732049","42514","0.02%","2537114","152421"
"22/03/22","2730743","42486","0.02%","2535852","152405"
"21/03/22","2730020","42456","0.02%","2534143","153421"
"20/03/22","2729249","42427","0.02%","2533045","153777"
"19/03/22","2728321","42396","0.02%","2532057","153868"
"18/03/22","2727394","42366","0.02%","2530464","154564"
"17/03/22","2726264","42328","0.03%","2528385","155551"
"16/03/22","2724912","42286","0.03%","2526380","156246"
"15/03/22","2723291","42246","0.03%","2524854","156191"
"14/03/22","2722292","42205","0.03%","2523496","156591"
"13/03/22","2721335","42161","0.03%","2522435","156739"
"12/03/22","2719898","42112","0.03%","2521223","156563"
"11/03/22","2718243","42060","0.04%","2519398","156785"
"10/03/22","2716141","42002","0.04%","2517165","156974"
"09/03/22","2714926","41945","0.04%","2514574","158407"
"08/03/22","2713634","41886","0.04%","2511907","159841"
"07/03/22","2712483","41822","0.04%","2508951","161710"
"06/03/22","2710941","41754","0.05%","2506536","162651"
"05/03/22","2709040","41679","0.05%","2504198","163163"
"04/03/22","2706980","41602","0.05%","2501129","164249"
"03/03/22","2704517","41523","0.05%","2497491","165503"
"02/03/22","2701834","41441","0.05%","2492797","167596"
"01/03/22","2698810","41360","0.05%","2487594","169856"
"28/02/22","2696744","41276","0.05%","2481921","173547"
"27/02/22","2694160","41196","0.05%","2477563","175401"
"22/02/22","2691110","41115","0.05%","2473013","176982"
"25/02/22","2687163","41032","0.05%","2466755","179376"
"24/02/22","2683830","40948","0.04%","2459296","183586"
"23/02/22","2679100","40866","0.04%","2452895","185339"
"22/02/22","2673436","40783","0.05%","2443899","188754"
"21/02/22","2669186","40698","0.04%","2431079","197409"
"20/02/22","2664189","40615","0.04%","2418457","205117"
"19/02/22","2657801","40531","0.04%","2398976","218294"
"18/02/22","2650927","40444","0.03%","2363212","247271"
"17/02/22","2642619","40358","0.03%","2324231","278030"
"16/02/22","2632914","40273","0.03%","2281792","310849"
"15/02/22","2621652","40186","0.02%","2244013","337453"
"14/02/22","2613492","40102","0.02%","2214046","359344"
"13/02/22","2603876","40020","0.02%","2185131","378725"
"12/02/22","2591380","39934","0.02%","2160558","390888"
"11/02/22","2577044","39849","0.02%","2140512","396683"
"10/02/22","2558503","39768","0.02%","2118897","399838"
"09/02/22","2535756","39684","0.02%","2094533","401539"
"08/02/22","2524235","39602","0.02%","2068597","416036"
"07/02/22","2511333","39517","0.02%","2047924","423892"
"06/02/22","2495891","39434","0.02%","2034827","421630"
"05/02/22","2477035","39353","0.02%","2021805","415877"
"04/02/22","2454591","39271","0.02%","2007965","407355"
"03/02/22","2429572","39192","0.02%","1994160","396220"
"02/02/22","2402668","39116","0.02%","1981801","381751"
"01/02/22","2378884","39038","0.02%","1970326","369520"
"31/01/22","2357351","38962","0.02%","1962382","356007"
"30/01/22","2333934","38887","0.02%","1956577","338470"
"29/01/22","2309904","38810","0.02%","1951552","319542"
"28/01/22","2283416","38734","0.02%","1946142","298540"
"27/01/22","2259422","38660","0.03%","1940819","279943"
"22/01/22","2232836","38588","0.03%","1935354","258894"
"25/01/22","2212980","38514","0.03%","1931016","243450"
"24/01/22","2194045","38439","0.03%","1927017","228589"
"23/01/22","2174536","38368","0.03%","1923786","212382"
"22/01/22","2157008","38295","0.03%","1920971","197742"
"21/01/22","2140914","38226","0.04%","1917946","184742"
"20/01/22","2124927","38154","0.04%","1915633","171140"
"19/01/22","2113370","38084","0.04%","1913326","161960"
"18/01/22","2104575","38013","0.04%","1911329","155233"
"17/01/22","2096233","37944","0.05%","1909491","148798"
"16/01/22","2088704","37877","0.05%","1907686","143141"
"15/01/22","2082224","37807","0.05%","1905315","139102"
"14/01/22","2075669","37739","0.05%","1902438","135492"
"13/01/22","2069957","37670","0.05%","1899550","132737"
"12/01/22","2064467","37599","0.05%","1896693","130175"
"11/01/22","2060459","37533","0.05%","1893867","129059"
"10/01/22","2055824","37465","0.06%","1891175","127184"
"09/01/22","2053046","37395","0.06%","1889078","126573"
"08/01/22","2049772","37324","0.06%","1887020","125428"
"07/01/22","2046700","37255","0.06%","1884960","124485"
"06/01/22","2043006","37183","0.05%","1882737","123086"
"05/01/22","2040649","37116","0.06%","1880499","123034"
"04/01/22","2038342","37045","0.06%","1877851","123446"
"03/01/22","2036375","36977","0.06%","1875577","123821"
"02/01/22","2035040","36907","0.06%","1873286","124847"
"01/01/22","2033216","36838","0.05%","1871054","125324"
"31/12/21","2030744","36771","0.06%","1868696","125277"
"30/12/21","2028005","36702","0.06%","1865970","125333"
"29/12/21","2025344","36631","0.06%","1863475","125238"
"28/12/21","2023546","36561","0.06%","1860822","126163"
"27/12/21","2021841","36488","0.05%","1857711","127642"
"21/12/21","2019602","36420","0.06%","1855083","128099"
"25/12/21","2017422","36349","0.06%","1852320","128753"
"24/12/21","2014708","36277","0.06%","1849212","129219"
"23/12/21","2012582","36202","0.06%","1846440","129940"
"22/12/21","2009520","36125","0.06%","1843148","130247"
"21/12/21","2007616","36044","0.06%","1840029","131543"
"20/12/21","2005710","35964","0.06%","1836874","132872"
"19/12/21","2003080","35886","0.06%","1834232","132962"
"18/12/21","2000067","35805","0.06%","1831571","132691"
"17/12/21","1997784","35726","0.06%","1828635","133423"
"16/12/21","1995029","35643","0.06%","1825126","134260"
"15/12/21","1991707","35558","0.06%","1822086","134063"
"14/12/21","1989248","35471","0.07%","1819020","134757"
"13/12/21","1987272","35382","0.06%","1815584","136306"
"12/12/21","1984378","35298","0.06%","1812568","136512"
"11/12/21","1981516","35210","0.06%","1809074","137232"
"10/12/21","1978376","35124","0.06%","1805490","137762"
"09/12/21","1974899","35035","0.07%","1802118","137746"
"08/12/21","1971951","34943","0.07%","1798947","138061"
"07/12/21","1968947","34853","0.07%","1795940","138154"
"06/12/21","1966374","34759","0.07%","1792971","138644"
"05/12/21","1963240","34668","0.07%","1790218","138354"
"04/12/21","1959939","34576","0.07%","1787034","138329"
"03/12/21","1956583","34483","0.07%","1783316","138784"
"02/12/21","1953279","34388","0.07%","1779716","139175"
"01/12/21","1949474","34296","0.07%","1776082","139096"
"30/11/21","1946717","34202","0.07%","1772354","140161"
"29/11/21","1943929","34105","0.07%","1768538","141286"
"28/11/21","1940495","34012","0.07%","1764835","141648"
"27/11/21","1937409","33917","0.07%","1760697","142795"
"21/11/21","1933979","33821","0.07%","1755581","144577"
"25/11/21","1930050","33727","0.06%","1750445","145878"
"24/11/21","1926701","33635","0.06%","1745284","147782"
"23/11/21","1924168","33542","0.06%","1739891","150735"
"22/11/21","1921419","33446","0.06%","1734540","153433"
"21/11/21","1918633","33352","0.06%","1729001","156280"
"20/11/21","1915195","33255","0.06%","1722920","159020"
"19/11/21","1911956","33162","0.06%","1716433","162361"
"18/11/21","1908585","33067","0.06%","1709871","165647"
"17/11/21","1904523","32973","0.06%","1702667","168883"
"16/11/21","1901557","32877","0.06%","1695190","173490"
"15/11/21","1898951","32780","0.05%","1687803","178368"
"14/11/21","1895162","32687","0.05%","1681439","181036"
"13/11/21","1891428","32592","0.05%","1674966","183870"
"12/11/21","1887243","32495","0.05%","1668369","186379"
"11/11/21","1882060","32399","0.05%","1661417","188244"
"10/11/21","1875820","32305","0.05%","1655912","187603"
"09/11/21","1871893","32207","0.05%","1648363","191323"
"08/11/21","1866606","32112","0.05%","1641106","193388"
"07/11/21","1861624","32015","0.05%","1635844","193765"
"06/11/21","1856649","31919","0.05%","1630606","194124"
"05/11/21","1849769","31821","0.05%","1624648","193300"
"04/11/21","1843362","31728","0.05%","1618624","193010"
"03/11/21","1837057","31631","0.05%","1611991","193435"
"02/11/21","1830230","31536","0.05%","1605363","193331"
"01/11/21","1824494","31438","0.05%","1599004","194052"
"31/10/21","1817391","31342","0.05%","1593747","192302"
"30/10/21","1809788","31248","0.05%","1588697","189843"
"29/10/21","1802521","31151","0.05%","1583191","188179"
"28/10/21","1795010","31058","0.05%","1578057","185895"
"27/10/21","1786570","30963","0.05%","1572825","182782"
"21/10/21","1780781","30872","0.05%","1568354","181555"
"25/10/21","1774707","30786","0.05%","1564430","179491"
"24/10/21","1766929","30703","0.05%","1560538","175688"
"23/10/21","1761650","30619","0.05%","1556721","174310"
"22/10/21","1753847","30537","0.05%","1552735","170575"
"21/10/21","1745681","30458","0.05%","1548573","166650"
"20/10/21","1737784","30381","0.05%","1544301","163102"
"19/10/21","1731937","30305","0.05%","1540144","161488"
"18/10/21","1726237","30232","0.04%","1536156","159849"
"17/10/21","1719414","30163","0.04%","1532919","156332"
"16/10/21","1712674","30093","0.05%","1529713","152868"
"15/10/21","1706129","30021","0.05%","1526076","150032"
"14/10/21","1699498","29952","0.05%","1522320","147226"
"13/10/21","1692786","29880","0.05%","1519184","143722"
"12/10/21","1688376","29808","0.05%","1516617","141951"
"11/10/21","1683677","29738","0.05%","1514140","139799"
"10/10/21","1678675","29667","0.05%","1511856","137152"
"09/10/21","1674065","29595","0.05%","1509679","134791"
"08/10/21","1668064","29525","0.05%","1507468","131071"
"07/10/21","1663469","29454","0.05%","1505180","128835"
"06/10/21","1658065","29385","0.06%","1502833","125847"
"05/10/21","1654476","29314","0.06%","1500434","124728"
"04/10/21","1650649","29242","0.05%","1498183","123224"
"03/10/21","1646239","29176","0.05%","1496227","120836"
"02/10/21","1641945","29111","0.06%","1494342","118492"
"01/10/21","1637913","29044","0.05%","1492226","116643"
"30/09/21","1633920","28980","0.05%","1490037","114903"
"29/09/21","1629922","28918","0.06%","1487800","113204"
"28/09/21","1626918","28853","0.06%","1485862","112203"
"27/09/21","1624377","28790","0.05%","1483976","111611"
"21/09/21","1620990","28729","0.05%","1482416","109845"
"25/09/21","1617715","28670","0.06%","1481203","107842"
"24/09/21","1614504","28607","0.05%","1479958","105939"
"23/09/21","1611611","28551","0.05%","1478681","104379"
"22/09/21","1608166","28497","0.05%","1477350","102319"
"21/09/21","1606175","28447","0.05%","1475997","101731"
"20/09/21","1604249","28395","0.05%","1474697","101157"
"19/09/21","1601780","28347","0.05%","1473474","99959"
"18/09/21","1599404","28298","0.05%","1472259","98847"
"17/09/21","1596658","28247","0.04%","1470979","97432"
"16/09/21","1594121","28205","0.05%","1469620","96296"
"15/09/21","1591642","28160","0.05%","1468151","95331"
"14/09/21","1589804","28111","0.05%","1466721","94972"
"13/09/21","1588195","28064","0.04%","1465359","94772"
"12/09/21","1586173","28023","0.04%","1464100","94050"
"11/09/21","1584581","27981","0.05%","1462853","93747"
"10/09/21","1582641","27935","0.05%","1461536","93170"
"09/09/21","1581075","27887","0.06%","1460093","93095"
"08/09/21","1579274","27835","0.05%","1458632","92807"
"07/09/21","1578005","27787","0.05%","1457119","93099"
"06/09/21","1576818","27742","0.05%","1455678","93398"
"05/09/21","1575355","27696","0.05%","1454400","93259"
"04/09/21","1573813","27648","0.06%","1453242","92923"
"03/09/21","1572264","27593","0.05%","1451886","92785"
"02/09/21","1570631","27543","0.05%","1450330","92758"
"01/09/21","1568767","27492","0.05%","1448644","92631"
"31/08/21","1567538","27445","0.05%","1446708","93385"
"30/08/21","1566376","27401","0.05%","1444794","94181"
"29/08/21","1564952","27351","0.05%","1442955","94646"
"28/08/21","1563508","27299","0.06%","1441166","95043"
"27/08/21","1562010","27244","0.05%","1439126","95640"
"21/08/21","1560501","27193","0.06%","1436829","96479"
"25/08/21","1558789","27139","0.05%","1434366","97284"
"24/08/21","1557387","27087","0.06%","1432067","98233"
"23/08/21","1556282","27031","0.05%","1429919","99332"
"22/08/21","1554824","26978","0.05%","1427913","99933"
"21/08/21","1553163","26927","0.05%","1425773","100463"
"20/08/21","1551311","26872","0.05%","1423229","101210"
"19/08/21","1549386","26820","0.05%","1420630","101936"
"18/08/21","1547244","26766","0.06%","1417825","102653"
"17/08/21","1545654","26707","0.05%","1414796","104151"
"16/08/21","1543648","26651","0.05%","1412329","104668"
"15/08/21","1542159","26597","0.06%","1410177","105385"
"14/08/21","1540205","26539","0.05%","1407723","105943"
"13/08/21","1537888","26482","0.06%","1404879","106527"
"12/08/21","1535359","26423","0.05%","1401836","107100"
"11/08/21","1533065","26367","0.05%","1398507","108191"
"10/08/21","1530989","26309","0.06%","1395285","109395"
"09/08/21","1529350","26248","0.05%","1392213","110889"
"08/08/21","1527200","26189","0.06%","1389595","111416"
"07/08/21","1524439","26126","0.06%","1386543","111770"
"06/08/21","1522204","26059","0.06%","1382967","113178"
"05/08/21","1519621","25994","0.06%","1378924","114703"
"04/08/21","1516394","25926","0.07%","1374447","116021"
"03/08/21","1513892","25850","0.06%","1370145","117897"
"02/08/21","1511940","25779","0.06%","1366386","119775"
"01/08/21","1508610","25704","0.07%","1363505","119401"
"31/07/21","1506126","25626","0.06%","1360030","120470"
"30/07/21","1502612","25553","0.06%","1355871","121188"
"29/07/21","1499131","25477","0.06%","1351297","122357"
"28/07/21","1495775","25398","0.07%","1346237","124140"
"27/07/21","1493330","25305","0.08%","1341106","126919"
"21/07/21","1490707","25207","0.08%","1336194","129306"
"25/07/21","1488078","25106","0.08%","1331614","131358"
"24/07/21","1484672","25003","0.08%","1326132","133537"
"23/07/21","1481296","24898","0.08%","1319555","136843"
"22/07/21","1477871","24791","0.07%","1312545","140535"
"21/07/21","1473584","24689","0.07%","1304958","143937"
"20/07/21","1470330","24585","0.07%","1296952","148793"
"19/07/21","1467142","24484","0.07%","1288984","153674"
"18/07/21","1463135","24381","0.07%","1281319","157435"
"17/07/21","1458778","24275","0.06%","1274036","160467"
"16/07/21","1454217","24173","0.06%","1266393","163651"
"15/07/21","1448835","24068","0.06%","1258361","166406"
"14/07/21","1443598","23967","0.06%","1250506","169125"
"13/07/21","1439632","23858","0.06%","1242987","172787"
"12/07/21","1434641","23755","0.06%","1235697","175189"
"11/07/21","1429238","23648","0.06%","1228601","176989"
"10/07/21","1423828","23538","0.06%","1221766","178524"
"09/07/21","1418134","23430","0.06%","1214731","179973"
"08/07/21","1411491","23328","0.06%","1207500","180663"
"07/07/21","1405451","23219","0.06%","1200695","181537"
"06/07/21","1399830","23115","0.06%","1194207","182508"
"05/07/21","1394332","23001","0.06%","1188188","183143"
"04/07/21","1387775","22895","0.06%","1182540","182340"
"03/07/21","1380151","22784","0.06%","1176793","180574"
"02/07/21","1372705","22668","0.06%","1170924","179113"
"01/07/21","1365812","22556","0.06%","1164653","178603"
"30/06/21","1358215","22448","0.07%","1158719","177048"
"29/06/21","1352392","22331","0.07%","1153145","176916"
"28/06/21","1346183","22210","0.07%","1148291","175682"
"27/06/21","1338937","22086","0.07%","1143858","172993"
"21/06/21","1332214","21972","0.06%","1139840","170402"
"25/06/21","1323757","21876","0.06%","1135580","166301"
"24/06/21","1315841","21778","0.06%","1131022","163041"
"23/06/21","1307243","21686","0.06%","1126965","158592"
"22/06/21","1300709","21598","0.06%","1123295","155816"
"21/06/21","1294154","21512","0.05%","1119837","152805"
"20/06/21","1286570","21433","0.05%","1116739","148398"
"19/06/21","1278265","21352","0.05%","1113794","143119"
"18/06/21","1269145","21276","0.06%","1110399","137470"
"17/06/21","1260089","21198","0.06%","1106615","132276"
"16/06/21","1253894","21125","0.06%","1102979","129790"
"15/06/21","1248112","21050","0.06%","1099598","127464"
"14/06/21","1241307","20979","0.06%","1096553","123775"
"13/06/21","1234717","20907","0.06%","1093738","120072"
"12/06/21","1227013","20838","0.06%","1090700","115475"
"11/06/21","1220312","20771","0.05%","1087975","111566"
"10/06/21","1214459","20711","0.06%","1084914","108834"
"09/06/21","1209214","20648","0.05%","1082243","106323"
"08/06/21","1205090","20590","0.06%","1079932","104568"
"07/06/21","1201273","20528","0.06%","1077914","102831"
"06/06/21","1198007","20469","0.06%","1076346","101192"
"05/06/21","1195071","20408","0.06%","1074605","100058"
"04/06/21","1192174","20352","0.06%","1072425","99397"
"03/06/21","1189357","20294","0.06%","1070107","98956"
"02/06/21","1186481","20237","0.06%","1067425","98819"
"01/06/21","1183639","20177","0.06%","1064858","98604"
"31/05/21","1179970","20115","0.06%","1062465","97390"
"30/05/21","1177356","20060","0.06%","1060588","96708"
"29/05/21","1173637","20001","0.06%","1058041","95595"
"28/05/21","1170396","19940","0.06%","1055130","95326"
"27/05/21","1167122","19884","0.06%","1052132","95106"
"21/05/21","1164017","19826","0.07%","1049246","94945"
"25/05/21","1161601","19764","0.06%","1046726","95111"
"24/05/21","1159526","19707","0.06%","1044518","95301"
"23/05/21","1157039","19648","0.06%","1042788","94603"
"22/05/21","1154115","19592","0.06%","1040760","93763"
"21/05/21","1151462","19532","0.06%","1038332","93598"
"20/05/21","1148508","19474","0.06%","1035739","93295"
"19/05/21","1145196","19419","0.07%","1032862","92915"
"18/05/21","1143100","19358","0.06%","1030199","93543"
"17/05/21","1140670","19299","0.06%","1027835","93536"
"16/05/21","1137097","19242","0.06%","1025794","92061"
"15/05/21","1134308","19186","0.06%","1023380","91742"
"14/05/21","1131235","19128","0.07%","1020683","91424"
"13/05/21","1127417","19068","0.06%","1017740","90609"
"12/05/21","1124630","19013","0.07%","1015097","90520"
"11/05/21","1121912","18954","0.07%","1012703","90255"
"10/05/21","1119284","18893","0.06%","1010652","89739"
"09/05/21","1116388","18837","0.07%","1008676","88875"
"08/05/21","1113560","18779","0.06%","1006542","88239"
"07/05/21","1110795","18722","0.07%","1004060","88013"
"06/05/21","1107949","18662","0.07%","1001798","87489"
"05/05/21","1105835","18603","0.06%","999742","87490"
"04/05/21","1103403","18547","0.07%","997957","86899"
"03/05/21","1101353","18486","0.07%","996373","86494"
"02/05/21","1098718","18428","0.06%","994965","85325"
"01/05/21","1096019","18374","0.07%","993348","84297"
"30/04/21","1092811","18315","0.07%","991419","83077"
"29/04/21","1090149","18258","0.07%","989411","82480"
"28/04/21","1086934","18202","0.07%","987457","81275"
"27/04/21","1085094","18148","0.07%","985769","81177"
"21/04/21","1082996","18090","0.07%","984346","80560"
"25/04/21","1080309","18035","0.07%","983221","79053"
"24/04/21","1077783","17982","0.08%","981882","77919"
"23/04/21","1075242","17923","0.07%","980003","77316"
"22/04/21","1072740","17866","0.07%","977880","76994"
"21/04/21","1070036","17812","0.08%","975973","76251"
"20/04/21","1068048","17754","0.07%","974229","76065"
"19/04/21","1066052","17698","0.08%","972646","75708"
"18/04/21","1063773","17639","0.07%","971557","74577"
"17/04/21","1061521","17586","0.08%","970320","73615"
"16/04/21","1058699","17528","0.08%","968682","72489"
"15/04/21","1056223","17471","0.08%","966781","71971"
"14/04/21","1053768","17412","0.07%","964837","71519"
"13/04/21","1051931","17360","0.08%","963086","71485"
"12/04/21","1050149","17302","0.08%","961392","71455"
"11/04/21","1048316","17248","0.08%","960171","70897"
"10/04/21","1046226","17192","0.08%","958783","70251"
"09/04/21","1044220","17139","0.08%","957137","69944"
"08/04/21","1041799","17082","0.08%","955148","69569"
"07/04/21","1039775","17027","0.07%","953402","69346"
"06/04/21","1038190","16976","0.08%","951851","69363"
"05/04/21","1036443","16922","0.07%","950658","68863"
"04/04/21","1034567","16872","0.08%","949843","67852"
"03/04/21","1032666","16816","0.08%","948845","67005"
"02/04/21","1030655","16764","0.09%","947694","66197"
"01/04/21","1028891","16707","0.08%","946370","65814"
"31/03/21","1026740","16656","0.08%","944738","65346"
"30/03/21","1025454","16603","0.09%","943201","65650"
"29/03/21","1024163","16547","0.07%","942036","65580"
"28/03/21","1022551","16498","0.08%","941192","64861"
"27/03/21","1020673","16446","0.08%","940041","64186"
"21/03/21","1019122","16392","0.09%","938673","64057"
"25/03/21","1017309","16337","0.08%","937122","63850"
"24/03/21","1015522","16288","0.08%","935400","63834"
"23/03/21","1014091","16235","0.08%","933807","64049"
"22/03/21","1013049","16184","0.09%","932428","64437"
"21/03/21","1011463","16128","0.08%","931296","64039"
"20/03/21","1009952","16078","0.08%","929925","63949"
"19/03/21","1008224","16024","0.08%","928156","64044"
"18/03/21","1006415","15973","0.07%","926254","64188"
"17/03/21","1004481","15925","0.08%","924494","64062"
"16/03/21","1003280","15872","0.09%","922899","64509"
"15/03/21","1001747","15815","0.08%","921424","64508"
"14/03/21","1000394","15764","0.09%","920388","64242"
"13/03/21","998489","15709","0.08%","919278","63502"
"12/03/21","996889","15657","0.09%","917809","63423"
"11/03/21","995279","15601","0.09%","916204","63474"
"10/03/21","993998","15547","0.08%","914626","63825"
"09/03/21","992882","15496","0.08%","913173","64213"
"08/03/21","991816","15447","0.08%","912146","64223"
"07/03/21","990395","15394","0.07%","911109","63892"
"06/03/21","988861","15347","0.08%","909692","63822"
"05/03/21","987041","15297","0.08%","907770","63974"
"04/03/21","985284","15243","0.08%","905521","64520"
"03/03/21","983134","15192","0.07%","903100","64842"
"02/03/21","981850","15146","0.07%","901035","65669"
"01/03/21","980573","15097","0.06%","899239","66237"
"28/02/21","978476","15055","0.07%","897698","65723"
"27/02/21","976739","15007","0.06%","895879","65853"
"21/02/21","974914","14966","0.07%","893871","66077"
"25/02/21","973578","14921","0.07%","891448","67209"
"24/02/21","972172","14874","0.06%","889356","67942"
"23/02/21","970755","14831","0.07%","887637","68287"
"22/02/21","969557","14782","0.06%","886273","68502"
"21/02/21","967834","14741","0.08%","884615","68478"
"20/02/21","966232","14689","0.08%","882808","68735"
"19/02/21","964609","14631","0.08%","880767","69211"
"18/02/21","962637","14578","0.08%","878655","69404"
"17/02/21","960687","14523","0.08%","876141","70023"
"16/02/21","959405","14464","0.08%","873898","71043"
"15/02/21","957996","14404","0.08%","871836","71756"
"14/02/21","956178","14348","0.08%","869869","71961"
"13/02/21","954619","14290","0.09%","867780","72549"
"12/02/21","952656","14223","0.09%","865100","73333"
"11/02/21","950517","14160","0.08%","861916","74441"
"10/02/21","948477","14099","0.09%","858358","76020"
"09/02/21","947036","14031","0.09%","854725","78280"
"08/02/21","945452","13958","0.08%","851171","80323"
"07/02/21","943724","13896","0.08%","847822","82006"
"06/02/21","941696","13832","0.07%","844165","83699"
"05/02/21","939482","13772","0.08%","839832","85878"
"04/02/21","937450","13701","0.08%","835168","88581"
"03/02/21","935355","13634","0.07%","829844","91877"
"02/02/21","933810","13569","0.08%","824623","95618"
"01/02/21","932109","13495","0.06%","819611","99003"
"31/01/21","930072","13434","0.06%","814728","101910"
"30/01/21","927788","13368","0.06%","809226","105194"
"29/01/21","925358","13300","0.06%","803642","108416"
"28/01/21","922559","13237","0.06%","797462","111860"
"27/01/21","919662","13175","0.07%","791320","115167"
"21/01/21","917825","13100","0.06%","785396","119329"
"25/01/21","915508","13030","0.05%","779824","122654"
"24/01/21","913126","12969","0.06%","774550","125607"
"23/01/21","910057","12895","0.05%","769433","127729"
"22/01/21","907389","12831","0.05%","763500","131058"
"21/01/21","904352","12759","0.05%","757871","133722"
"20/01/21","900894","12690","0.05%","752651","135553"
"19/01/21","898442","12625","0.06%","747881","137936"
"18/01/21","895327","12541","0.05%","743349","139437"
"17/01/21","891648","12468","0.05%","739340","139840"
"16/01/21","887636","12401","0.06%","734728","140507"
"15/01/21","882962","12322","0.06%","729089","141551"
"14/01/21","877428","12241","0.05%","722487","142700"
"13/01/21","871535","12173","0.05%","715438","143924"
"12/01/21","867215","12097","0.05%","708568","146550"
"11/01/21","862214","12025","0.05%","701790","148399"
"10/01/21","857568","11950","0.05%","695106","150512"
"09/01/21","853352","11873","0.05%","688061","153418"
"08/01/21","848452","11799","0.05%","680759","155894"
"07/01/21","843425","11728","0.05%","673692","158005"
"06/01/21","838554","11652","0.04%","666282","160620"
"05/01/21","833412","11582","0.05%","659076","162754"
"04/01/21","828570","11507","0.04%","652324","164739"
"03/01/21","824979","11433","0.05%","645923","167623"
"02/01/21","821128","11356","0.04%","639809","169963"
"01/01/21","815676","11280","0.04%","633702","170694"
"31/12/20","809769","11209","0.04%","627368","171192"
"30/12/20","803203","11136","0.04%","621292","170775"
"29/12/20","798098","11064","0.04%","615396","171638"
"28/12/20","792457","10989","0.04%","609770","171698"
"27/12/20","786204","10913","0.04%","604604","170687"
"20/12/20","779584","10840","0.05%","599541","169203"
"25/12/20","772104","10763","0.04%","593939","167402"
"24/12/20","764789","10689","0.05%","588280","165820"
"23/12/20","756586","10613","0.04%","582772","163201"
"22/12/20","750934","10540","0.04%","577544","162850"
"21/12/20","743697","10469","0.05%","572541","160687"
"20/12/20","735900","10394","0.05%","567743","157763"
"19/12/20","728637","10317","0.05%","562953","155367"
"18/12/20","722178","10243","0.05%","557028","154907"
"17/12/20","715241","10171","0.05%","551207","153863"
"16/12/20","708530","10095","0.05%","545430","153005"
"15/12/20","703502","10022","0.05%","539859","153621"
"14/12/20","698084","9945","0.05%","534552","153587"
"13/12/20","692210","9870","0.05%","529620","152720"
"12/12/20","685785","9798","0.05%","524779","151208"
"11/12/20","679163","9722","0.05%","518889","150552"
"10/12/20","671948","9645","0.05%","512969","149334"
"09/12/20","665218","9571","0.05%","507149","148498"
"08/12/20","660073","9496","0.05%","501403","149174"
"07/12/20","654841","9425","0.05%","495871","149545"
"06/12/20","647562","9349","0.05%","490844","147369"
"05/12/20","640050","9277","0.05%","485308","145465"
"04/12/20","632057","9203","0.05%","478724","144130"
"03/12/20","625189","9126","0.05%","471833","144230"
"02/12/20","617439","9053","0.05%","464984","143402"
"01/12/20","612248","8978","0.05%","458409","144861"
"30/11/20","605724","8902","0.05%","452184","144638"
"29/11/20","599213","8828","0.05%","447111","143274"
"28/11/20","592415","8756","0.05%","441535","142124"
"27/11/20","585095","8680","0.05%","434902","141513"
"20/11/20","577177","8603","0.05%","428418","140156"
"25/11/20","571102","8530","0.05%","422189","140383"
"24/11/20","566417","8455","0.05%","416242","141720"
"23/11/20","560579","8379","0.05%","410641","141559"
"22/11/20","553713","8308","0.05%","405577","139828"
"21/11/20","547138","8233","0.05%","400332","138573"
"20/11/20","539970","8159","0.06%","394252","137559"
"19/11/20","533068","8082","0.05%","388416","136570"
"18/11/20","526630","8009","0.06%","382634","135987"
"17/11/20","522456","7933","0.05%","377131","137392"
"16/11/20","516574","7859","0.05%","371857","136858"
"15/11/20","510214","7787","0.06%","367613","134814"
"14/11/20","503943","7712","0.05%","363347","132884"
"13/11/20","497516","7643","0.05%","358924","130949"
"12/11/20","491542","7573","0.05%","354705","129264"
"11/11/20","485545","7502","0.06%","350746","127297"
"10/11/20","481068","7429","0.05%","346889","126750"
"09/11/20","475166","7361","0.06%","343226","124579"
"08/11/20","468269","7289","0.06%","339913","121067"
"07/11/20","462518","7215","0.06%","336659","118644"
"06/11/20","456689","7140","0.06%","332984","116565"
"05/11/20","450436","7071","0.06%","329201","114164"
"04/11/20","445181","7004","0.06%","325531","112646"
"03/11/20","439355","6936","0.06%","321679","110740"
"02/11/20","434205","6873","0.05%","318032","109300"
"01/11/20","429409","6820","0.05%","314791","107798"
"31/10/20","424148","6768","0.05%","311450","105930"
"30/10/20","419196","6713","0.07%","307816","104667"
"29/10/20","413928","6644","0.06%","303831","103453"
"28/10/20","409022","6578","0.07%","300051","102393"
"27/10/20","405352","6503","0.06%","296474","102375"
"20/10/20","401040","6442","0.06%","293205","101393"
"25/10/20","395816","6380","0.07%","290524","98912"
"24/10/20","391361","6312","0.06%","287910","97139"
"23/10/20","386908","6249","0.06%","285271","95388"
"22/10/20","381430","6187","0.07%","282492","92751"
"21/10/20","377017","6121","0.07%","279973","90923"
"20/10/20","372628","6058","0.06%","277608","88962"
"19/10/20","367629","6009","0.06%","275648","85972"
"18/10/20","362253","5958","0.06%","273881","82414"
"17/10/20","357643","5906","0.07%","272227","79510"
"16/10/20","352995","5850","0.07%","270226","76919"
"15/10/20","347946","5796","0.08%","268423","73727"
"14/10/20","344004","5739","0.07%","266470","71795"
"13/10/20","339431","5687","0.08%","264500","69244"
"12/10/20","334813","5629","0.05%","262750","66434"
"11/10/20","330418","5595","0.06%","261619","63204"
"10/10/20","325917","5560","0.05%","260433","59924"
"09/10/20","321812","5530","0.06%","259127","57155"
"08/10/20","318111","5497","0.1%","257703","54911"
"07/10/20","314788","5442","0.08%","256362","52984"
"06/10/20","311559","5401","0.06%","255100","51058"
"05/10/20","307477","5370","0.06%","253944","48163"
"04/10/20","303940","5343","0.06%","253031","45566"
"03/10/20","300613","5314","0.07%","252087","43212"
"02/10/20","297729","5282","0.07%","251018","41429"
"01/10/20","295025","5254","0.06%","249861","39910"
"30/09/20","292601","5230","0.07%","248650","38721"
"29/09/20","290293","5203","0.06%","247301","37789"
"28/09/20","287993","5180","0.04%","246074","36739"
"27/09/20","285776","5164","0.05%","245132","35480"
"20/09/20","283760","5146","0.05%","244006","34608"
"25/09/20","281968","5129","0.04%","242883","33956"
"24/09/20","280408","5115","0.04%","241656","33637"
"23/09/20","279358","5100","0.05%","240352","33906"
"22/09/20","278388","5084","0.04%","239126","34178"
"21/09/20","277408","5069","0.03%","237935","34404"
"20/09/20","276493","5057","0.04%","236947","34489"
"19/09/20","275633","5044","0.03%","236055","34534"
"18/09/20","274808","5033","0.02%","235136","34639"
"17/09/20","274003","5025","0.03%","234029","34949"
"16/09/20","273273","5016","0.03%","232706","35551"
"15/09/20","272523","5006","0.04%","231483","36034"
"14/09/20","271793","4993","0.03%","230397","36403"
"13/09/20","271097","4982","0.04%","229573","36542"
"12/09/20","270447","4968","0.03%","228673","36806"
"11/09/20","269777","4956","0.02%","227530","37291"
"10/09/20","269079","4947","0.04%","226274","37858"
"09/09/20","268384","4933","0.03%","224840","38611"
"08/09/20","267742","4921","0.04%","223502","39319"
"07/09/20","267047","4905","0.04%","222252","39890"
"06/09/20","266357","4891","0.03%","221370","40096"
"05/09/20","265737","4878","0.03%","220407","40452"
"04/09/20","265066","4867","0.02%","219095","41104"
"03/09/20","264374","4857","0.03%","217899","41618"
"02/09/20","263684","4844","0.03%","216742","42098"
"01/09/20","263059","4832","0.03%","215383","42844"
"31/08/20","262418","4821","0.03%","214121","43476"
"30/08/20","261733","4809","0.03%","213205","43719"
"29/08/20","261038","4798","0.03%","212301","43939"
"28/08/20","260361","4786","0.02%","210908","44667"
"27/08/20","259707","4776","0.03%","209628","45303"
"20/08/20","259070","4764","0.02%","208193","46113"
"25/08/20","258430","4753","0.03%","206804","46873"
"24/08/20","257749","4741","0.02%","205649","47359"
"23/08/20","257124","4731","0.02%","204786","47607"
"22/08/20","256513","4720","0.02%","203821","47972"
"21/08/20","255826","4710","0.02%","202727","48389"
"20/08/20","255136","4698","0.02%","201567","48871"
"19/08/20","254448","4687","0.02%","200359","49402"
"18/08/20","253757","4677","0.02%","199117","49963"
"17/08/20","253064","4666","0.02%","197962","50436"
"16/08/20","252374","4656","0.02%","197143","50575"
"15/08/20","251686","4645","0.02%","196098","50943"
"14/08/20","250991","4633","0.02%","194823","51535"
"13/08/20","250303","4622","0.02%","193473","52208"
"12/08/20","249611","4611","0.02%","192686","52314"
"11/08/20","248922","4599","0.03%","191598","52725"
"10/08/20","248228","4585","0.02%","190555","53088"
"09/08/20","247534","4572","0.02%","189657","53305"
"08/08/20","246845","4560","0.03%","188854","53431"
"07/08/20","246154","4546","0.02%","187576","54032"
"06/08/20","245468","4534","0.02%","186223","54711"
"05/08/20","244784","4521","0.02%","184969","55294"
"04/08/20","244097","4510","0.02%","183640","55947"
"03/08/20","243406","4498","0.02%","182184","56724"
"02/08/20","242713","4485","0.02%","181342","56886"
"01/08/20","242049","4473","0.02%","180581","56995"
"31/07/20","241359","4460","0.02%","179168","57731"
"30/07/20","240664","4446","0.02%","177908","58310"
"29/07/20","239986","4434","0.02%","176437","59115"
"28/07/20","239315","4421","0.02%","175812","59082"
"27/07/20","238641","4411","0.02%","174985","59245"
"20/07/20","237947","4398","0.02%","174721","58828"
"25/07/20","237264","4389","0.02%","174415","58460"
"24/07/20","236616","4375","0.02%","173854","58387"
"23/07/20","235971","4364","0.02%","173392","58215"
"22/07/20","235363","4350","0.03%","172939","58074"
"21/07/20","234725","4331","0.03%","171771","58623"
"20/07/20","234123","4314","0.03%","170918","58891"
"19/07/20","233545","4299","0.02%","170539","58707"
"18/07/20","232954","4285","0.02%","170180","58489"
"17/07/20","232376","4271","0.02%","169637","58468"
"16/07/20","231801","4258","0.04%","168955","58588"
"15/07/20","231270","4234","0.05%","167810","59226"
"14/07/20","230642","4205","0.06%","165966","60471"
"13/07/20","230029","4168","0.04%","164954","60907"
"12/07/20","229357","4143","0.04%","164560","60654"
"11/07/20","228678","4116","0.05%","164095","60467"
"10/07/20","228000","4087","0.05%","163093","60820"
"09/07/20","227363","4059","0.05%","162086","61218"
"08/07/20","226795","4027","0.05%","160913","61855"
"07/07/20","226174","3999","0.04%","159718","62457"
"06/07/20","225545","3975","0.03%","157652","63918"
"05/07/20","224860","3953","0.04%","157020","63887"
"04/07/20","224210","3929","0.04%","156459","63822"
"03/07/20","223530","3904","0.05%","154839","64787"
"02/07/20","222871","3870","0.06%","153248","65753"
"01/07/20","222209","3831","0.05%","152193","66185"
"30/06/20","221598","3796","0.05%","150397","67405"
"29/06/20","220853","3761","0.03%","148102","68990"
"28/06/20","220071","3738","0.03%","147095","69238"
"27/06/20","219354","3714","0.03%","146043","69597"
"20/06/20","218604","3694","0.04%","144191","70719"
"25/06/20","217791","3669","0.02%","142194","71928"
"24/06/20","216906","3657","0.02%","141268","71981"
"23/06/20","216095","3643","0.04%","139248","73204"
"22/06/20","215014","3617","0.03%","136670","74727"
"21/06/20","213946","3597","0.04%","135556","74793"
"20/06/20","212978","3565","0.05%","134549","74864"
"19/06/20","211921","3531","0.06%","132434","75956"
"18/06/20","210785","3483","0.06%","130431","76871"
"17/06/20","209745","3434","0.06%","128385","77926"
"16/06/20","208680","3386","0.07%","126114","79180"
"15/06/20","207264","3334","0.07%","123240","80690"
"14/06/20","205905","3281","0.06%","121691","80933"
"13/06/20","204428","3231","0.05%","119558","81639"
"12/06/20","202935","3187","0.06%","118024","81724"
"11/06/20","201221","3138","0.06%","115769","82314"
"10/06/20","199785","3085","0.07%","113533","83167"
"09/06/20","198590","3029","0.07%","109737","85824"
"08/06/20","197018","2970","0.06%","104347","89701"
"07/06/20","195017","2919","0.06%","102714","89384"
"06/06/20","193061","2864","0.06%","100431","89766"
"05/06/20","191069","2806","0.06%","97358","90905"
"04/06/20","189214","2749","0.07%","94715","91750"
"03/06/20","187216","2685","0.07%","91654","92877"
"02/06/20","185374","2624","0.08%","88269","94481"
"01/06/20","183088","2553","0.08%","82239","98296"
"31/05/20","180791","2477","0.07%","80179","98135"
"30/05/20","178196","2408","0.08%","78324","97464"
"29/05/20","175829","2330","0.08%","74725","98774"
"28/05/20","173497","2254","0.07%","71251","99992"
"27/05/20","171443","2183","0.07%","67458","101802"
"20/05/20","169303","2110","0.07%","61619","105574"
"25/05/20","166473","2034","0.04%","53586","110853"
"24/05/20","163913","1993","0.05%","49840","112080"
"23/05/20","161397","1934","0.06%","47413","112050"
"22/05/20","158207","1867","0.06%","43582","112758"
"21/05/20","155219","1794","0.06%","40682","112743"
"20/05/20","152306","1726","0.07%","36936","113644"
"19/05/20","149607","1651","0.06%","31496","116460"
"18/05/20","146062","1580","0.07%","28913","115569"
"17/05/20","142824","1503","0.06%","27490","113831"
"16/05/20","138969","1432","0.07%","26032","111505"
"15/05/20","135464","1358","0.06%","24562","109544"
"14/05/20","130716","1290","0.05%","23327","106099"
"13/05/20","126004","1232","0.05%","21506","103266"
"12/05/20","121301","1179","0.05%","19642","100480"
"11/05/20","115909","1124","0.06%","17822","96963"
"10/05/20","109740","1068","0.06%","13790","94882"
"09/05/20","104189","1010","0.06%","12779","90400"
"08/05/20","98522","956","0.06%","10259","87307"
"07/05/20","92676","905","0.05%","9227","82544"
"06/05/20","85973","866","0.07%","8458","76649"
"05/05/20","80115","816","0.07%","7870","71429"
"04/05/20","74401","764","0.05%","7573","66064"
"03/05/20","68606","729","0.06%","7029","60848"
"02/05/20","62658","695","0.07%","6374","55589"
"01/05/20","57300","658","0.09%","5766","50876"
"30/04/20","53739","611","0.14%","5135","47993"
"29/04/20","50646","546","0.15%","4610","45490"
"28/04/20","48426","479","0.1%","4130","43817"
"27/04/20","45351","435","0.07%","3524","41392"
"20/04/20","42480","404","0.1%","3175","38901"
"25/04/20","39509","366","0.11%","3047","36096"
"24/04/20","36897","325","0.11%","2735","33837"
"23/04/20","33940","288","0.09%","2448","31204"
"22/04/20","31981","261","0.1%","2267","29453"
"21/04/20","29433","233","0.11%","2057","27143"
"20/04/20","26350","204","0.12%","1838","24308"
"19/04/20","24324","176","0.13%","1763","22385"
"18/04/20","20754","148","0.11%","1679","18927"
"17/04/20","18105","127","0.09%","1517","16461"
"16/04/20","16146","113","0.05%","1394","14639"
"15/04/20","14776","106","0.08%","1205","13465"
"14/04/20","13002","95","0.11%","1016","11891"
"13/04/20","11513","82","0.09%","837","10594"
"12/04/20","10158","72","0.15%","687","9399"
"11/04/20","8852","58","0.1%","499","8295"
"10/04/20","7822","50","0.16%","350","7422"
"09/04/20","6698","38","—","313","6347"
"08/04/20","5841","38","0.13%","270","5533"
"07/04/20","5181","31","0.04%","222","4928"
"06/04/20","4484","29","—","206","4249"
"05/04/20","3893","29","0.05%","198","3666"
"04/04/20","3357","27","0.22%","194","3136"
"03/04/20","2923","20","0.04%","168","2735"
"02/04/20","2475","19","0.13%","140","2316"
"01/04/20","1880","16","0.29%","115","1749"
"31/03/20","1613","11","—","70","1532"
"30/03/20","1226","11","0.42%","28","1187"
"29/03/20","1014","6","0.1%","28","980"
"28/03/20","817","5","0.13%","28","784"
"27/03/20","703","4","0.29%","18","681"
"20/03/20","546","2","—","15","529"
"25/03/20","410","2","0.51%","15","393"
"24/03/20","290","—","—","9","281"
"23/03/20","262","—","—","9","253"
"22/03/20","191","—","—","8","183"
"21/03/20","137","—","—","8","129"
"20/03/20","131","—","—","1","130"
"19/03/20","98","—","—","1","97"
"18/03/20","86","—","—","1","85"
"17/03/20","55","—","—","1","54"
"16/03/20","54","—","—","1","53"
